min,max,rainfall
8,19.3,5.3
10,21,4.4
14.5,25.3,6.5
18.7,29.4,2.6
21,31.5,16.4
19.8,29.1,101.6
18.7,24.5,573.2
17.8,22.7,600.3
17.6,24.5,214.2
16.2,26.7,19.4
12.1,23.8,7.9
9,20.9,2.4
10,25.6,27.5
13.2,28.3,21.5
18.7,32.5,60.7
22.2,33.7,199.7
23.5,32.8,329.9
24.6,31.8,393.4
24.8,31.4,363.1
24.7,31.7,298.7
24.3,31.7,232.4
22,31.1,162.5
16.6,29.2,46
11.3,26.4,10.6
7.7,22.3,13.2
10.3,25.5,17.6
15.5,31.9,9.3
21.5,37.9,6.3
26.5,41.7,11.3
28.9,40.7,55.7
26.8,35.3,203.3
25.7,33.2,243.2
24.3,34,129.7
19.1,34,24.8
12.5,29.2,4.3
8.2,23.9,6.1
13.1,28.7,2.1
14.8,31,1.2
19.4,35.9,1.1
23.5,39.5,1.9
26.3,41.4,9.1
27.2,38.5,97.4
25.7,33.5,309.8
24.9,32,213.8
24.4,33.5,126.6
21.9,35.8,13.5
17.5,33.2,6.1
14.1,29.9,1.7
11.4,20.4,13.4
12.8,21.7,23.4
15.6,25.2,73.4
17.5,26.8,167.7
18.1,26.3,289
18.9,25.5,406.1
19.1,25.3,320.4
19.1,25.5,320.6
19.2,25.7,305.2
18,24.7,183.7
15.1,23,43.2
12.2,21,15.3
7.6,22.9,7.3
10.3,25.7,6
16,31.3,5
22.2,36.5,4
26.8,39.7,15.7
27.5,38.4,58.1
25.6,33.6,181.5
24.4,31.3,157.5
23.7,32.6,73
18.8,33.5,13.1
12.3,29.2,4
8.4,24.7,3.8
13.1,29.9,10.4
15.4,32.8,8.1
19.7,37.3,10
24.2,40.9,4.1
27.3,42.5,9.8
25.5,37.6,144.9
23.5,32.4,217.2
23,30.6,196.6
22.5,32.5,122.7
19.7,34.1,47.7
15.6,31.7,18.7
12.4,29.5,12.1
8.9,23.5,17.9
11.4,26.7,17.3
16.6,33.4,9.6
22.3,39.1,5.5
26.7,41.8,8.8
28.5,39.8,88.8
26.6,34,280.9
25.9,32.5,296.1
25,33,185
20.2,33,36.6
13.5,29.2,9.3
9.4,24.6,7
8.7,23.5,22.6
11.3,26.8,22.5
15.6,32,18.4
20.8,36.8,13
24.7,39.4,19.4
24.8,35.5,211.2
23.2,29.7,428.3
22.9,29.3,389.8
22.1,29.8,227.2
18.1,29.5,56.8
12.2,26.5,9.7
8.5,23.8,6.5
23.6,31.2,15.9
24.5,31.7,2.9
25.3,32.5,3.8
26.7,33.3,22.6
27.1,33,131.1
25.7,30.4,371.1
25.3,29.6,314.5
25.3,29.6,214
25.3,30,149.9
25.1,30.5,139.2
24.5,31,88.6
23.7,31.1,38.5
3.9,19.2,28.3
6.3,21.9,29.2
11,26.9,34.8
16.2,33.9,19.3
21.2,38.8,19.6
24.9,39.8,51.7
25.6,35.3,224.7
25.2,34.3,174.5
22.7,34.4,94.6
15.7,32.3,21.3
8.6,27,5.7
4.3,21.3,14.6
17.4,30.4,0.9
19.3,33.7,1.3
22.4,37.1,4.7
25.8,38.9,16.9
26.2,38.8,55
25,35.4,55.8
24.2,33.3,62.7
23.8,32.8,75.3
23.4,32.8,133.2
22.5,31.8,104.7
20.1,30.1,37.8
17.7,29.1,11.2
24.4,30.3,10.5
24.8,30.9,2.4
25.5,32.2,6
26.3,33.1,25.9
26.4,32.8,130.4
24.9,30.5,401.7
24.3,29.9,486.1
24.9,30.1,238.6
24.7,30,182.2
24.7,30.5,166.5
24.1,30.4,129.8
24,30.7,90.2
11,29,11.3
13,31.7,2.7
17.6,35.6,5.6
21.9,38.5,3.9
23.9,39.5,26.2
22.9,34.7,132.2
21.7,30.3,157.9
21.1,29.2,152.7
20.6,30.3,146
18,31.8,62.1
13.7,30,26.8
10.7,28.4,12
13.9,27,17
16.7,29.5,36.3
21,33.7,39.4
24.4,36,54.8
26,36.1,108.6
26.2,34.2,233.4
25.8,31.8,297.9
25.8,31.4,318.3
25.5,31.7,275.8
23,31.3,184
17.8,29.2,41.6
13.7,26.9,6.5
15,27.4,4.9
16.6,30.1,7.9
19,32.8,10
21.3,33.9,43.9
21.1,33.1,111.9
19.8,29.4,79.7
19.3,27.7,109.7
19.2,27.6,138.8
19.1,28.1,185.9
18.9,27.9,161.7
17.2,26.8,59.2
15.4,26.2,17.4
8.3,21.6,22.9
10.4,24,25.3
15.2,30.6,14.5
20.9,36.8,8.9
25.1,39.9,19.3
27,38.6,106.4
26.1,33.9,307
25.8,32.6,290.9
24.4,33,186.1
19.3,32.3,44.9
12.7,28,3.9
8.8,23.2,9.7
12.5,29.5,2.2
14.2,31.9,0.7
18.4,36.2,0.7
23,39.2,1.4
26.6,40.1,6.1
27,36.8,118.9
25.8,32.5,274.6
25,31.4,242.4
24.5,33,124.2
21.4,35.5,26.4
16.9,33.4,13.3
13.7,30.7,3.7
14.6,29.2,1.1
15.7,31.7,2.1
18.5,34.6,10.6
20.4,35.8,45.1
21,34.3,89.8
20.9,28.7,166.1
20.4,25.8,268.9
20.1,25.7,157.4
19.5,27.6,109.3
19.1,29.2,124.9
16.9,28.6,34.2
15.2,28.2,5.6
11.6,24.2,18.2
13.9,27.2,11.4
18.9,33.1,10.3
23.3,37.5,21.5
25,37.6,63
26.3,35.5,187.4
26.3,33,264.5
26.3,32.6,240.7
25.8,32.8,211.6
23,32.2,83.2
17.1,29.4,5.4
12.4,25.5,3.3
4.7,20.5,11.4
7.8,22.8,13.2
12.5,28.3,23.5
18.6,35.7,8.8
22.7,40,14.8
26.8,41.4,34.1
26.3,36.9,133.1
25.3,35.4,120.2
22.6,35.4,47
16.3,34,7.8
9.6,28.2,7.7
5.2,22.7,6.8
10.5,25.3,13.2
12.4,28.3,8.7
17.1,33.5,8.4
21.8,38.3,4.3
25.7,40.7,11.7
25.4,37.2,120.2
23.2,30.7,354.1
22.5,28.9,363.3
21.6,30.5,185.1
18.5,32,31
14.2,28.9,12.1
10.9,26,11
15.5,28.5,13.1
18.6,31.6,25.5
22.3,35.1,25.2
25.1,37.2,30.8
26.5,37.5,68.2
26.1,35.2,204.9
25.2,32,326.2
25.1,31.6,366.8
24.8,31.9,256.3
23,31.7,190.7
18.8,30.2,41.7
15.2,28.3,4.9
8.8,27.1,2
11.8,30.1,1.5
17.4,35.1,2.1
22,38.8,1.1
25.3,39.6,7.5
27.1,37.5,38
26.3,34,125.7
25.3,32.8,103.5
23.9,34.3,63.1
20.7,36.4,19.7
15.1,32.7,8.5
10.1,28.4,1
6.5,22.6,5.7
9.6,25.8,7.8
15.7,31.9,6.3
22,37.7,11.9
27.1,41.8,15.9
29.3,41.7,33
28.1,38.4,91.1
26.8,36.5,82.6
25.2,36.7,40.8
20,35.8,10.1
12.4,30.4,1.9
7.4,24.7,3
21.5,32.7,4.8
22.3,33.1,0.2
24.1,33.6,52.3
25.6,34.1,41.7
25.3,33.3,206.6
23.6,29.6,1048.1
23.1,28.9,875.5
23.1,29,574.4
23.4,30.1,200.8
23.5,31,221.7
23,32,103.3
22,32.5,36.5
6.1,20.4,46.6
8.3,23.1,33.9
13.4,28.5,29.3
18.9,34.5,11.3
23.2,38.3,24.2
25.4,38.6,112.6
24,34,276.3
23.3,32.8,282.8
21.8,33.1,179
17,31.8,41.6
10.5,27.3,6.7
6.7,22.1,18.9
20.4,28.8,35.3
21.1,30.5,13
23,32.6,14.5
25.8,34.7,15.9
27.6,37.4,42.4
27.4,37.3,53.9
26.1,35.3,99.6
25.5,34.5,129.9
25.2,33.9,123.5
24.2,31.8,284.6
22.6,29.4,353
21.2,28.4,146.3
7.3,15.7,19.2
8.9,17.1,51.5
12.5,20.4,223.1
14.6,21.9,684.1
16.1,22.4,1393.9
17.7,22.4,2597.5
18.2,22.4,2622
18.2,22.7,1793.5
17.8,23,1113
15.7,22.5,478
12,20.1,63.3
8.6,17.1,13.5
18.1,30.2,6.6
19.2,32.9,8.9
21.3,35.5,12
23.3,36.2,49.4
23.3,34.7,68.8
22.3,32,84.4
21.7,30.8,34.3
21.7,31.3,28.4
21.8,32.2,57.3
21.8,31.3,136.7
20.6,29.9,119.3
18.8,29.1,40.8
9.6,23.7,8.3
11.6,25.8,13.1
15.8,29.9,40.7
20.1,31.7,127.9
22.2,31,377.6
24.1,31.1,766.8
24.9,31.3,813.4
25.1,31.6,620.5
24.3,31.3,519
21.2,30.5,179.8
15.4,28.1,9.7
11.2,25.2,4
1.8,9.4,19.7
2.9,10.4,24.1
6.3,14.4,47.7
9.4,17.4,115.8
11.5,18.5,197.2
13.6,19.3,570
14.3,19.4,781.7
14.2,19.6,635.3
13.3,19.2,437.3
10.3,18,122.5
6.3,14.7,23.5
3.3,11.5,7
6,19.3,55
7.8,21.5,58.8
12,26.4,49
16.7,32.1,22.5
20.7,35.6,41.7
23,34.8,201.8
22.8,30.5,672.6
22.4,29.4,728.2
20.8,29.7,296.5
15.7,28.5,49.8
10.4,25,8.6
6.8,21.1,24.4
5.9,14.8,119.7
7.5,16.7,108.2
11.4,21,241.7
15.9,26.1,58.3
19.8,30.3,64.2
21.6,31.4,222.7
20.6,27.3,876.9
20.2,26.4,864.6
18.6,26.4,375.8
15,24.9,55.8
10.6,20.9,20.8
7.4,16.9,54.9
9.1,22.7,32
12.2,23.9,78.5
15.6,26.5,109.7
18.7,27.9,218.7
21.7,29.4,316
24,30.9,419.5
24.5,31,520.9
24.8,31.6,443.8
23.8,30.7,333.1
20.6,29.5,143.4
14.6,27.1,24.7
9.8,24,18
16.5,30.1,2.2
18.4,32.9,1.6
21,35.9,6.2
22.4,37.3,37.2
22.4,36.3,77.6
21.7,31,81.6
21.2,28.5,71.6
20.8,28.7,86.7
20.5,29.8,126.6
20.5,30.6,121.1
18.3,29.7,36.6
16.3,29,8.6
4.2,12.6,31.9
5.5,14.1,79.4
8.7,18.3,122.2
11.5,21,270.9
13.6,21.7,527.7
16,22.2,611.3
16.6,22,628.6
16.5,22.4,563.2
15.5,21.8,463.4
12.3,20.9,177.9
8.7,17.8,41.7
5.6,14.4,21.1
10,23.8,20.1
12.6,26.9,19
17.7,33.4,11.7
23.3,38.8,7.5
26.7,40.8,21.3
27.6,38.1,137.3
26.1,33.4,313.9
25.7,32.4,327.6
25.3,32.6,205.7
21.6,31.9,52.6
14.8,28.7,10
10.3,24.8,3.6
16.9,27.2,11
19.5,28.9,23.6
22.6,30.7,18.1
25,31.2,20.3
26.7,32.4,53.8
26.8,32.3,138.1
26.1,31,174.6
25.9,31.2,195.9
25.7,31.7,192
23.8,31.4,237.8
19.7,29.5,95.3
16.4,27.4,11.4
9.2,22.9,14.2
11.4,25.9,15.2
16.4,32.4,9.4
21.8,37.4,11.7
25,38.7,36.1
26.3,36.7,166.7
26,32.9,342.7
25.7,32.4,339.1
24.9,32.6,232.3
20.9,32.4,60.4
14.4,28.8,4.9
10.1,24.4,6.2
16,30.7,5
18.3,33.6,5.6
21.8,37.3,7.9
25,39.6,18.6
26,40.3,35.5
23.7,35.3,107.3
22.5,31.8,136.8
22.2,31.3,140.1
22.1,31.5,190.1
20.9,32.3,80.7
17.8,30.8,26.8
15.2,29.7,5.1
10.2,23.6,11.8
11.9,26.2,17.2
15.8,29.9,55.1
20,31.2,147
22.6,31.1,248.9
24.8,31.7,316.8
25.5,31.8,351.2
25.5,32.1,269.4
24.6,31.6,187
21.9,30.2,90.9
16.7,27.6,18.5
11.7,24.6,7.3
7,22.8,14.4
9.8,26.4,10
15.4,32.5,6.5
21.5,38.6,4.5
26.8,42,11.2
29,40.7,67.5
26.4,34.6,248.8
25.2,32.4,274.4
23.9,33.1,151.2
18.3,33.5,40.7
11.6,29.4,5.8
7.3,24.6,7
14.1,27.9,2.6
15.5,30.3,5
17.7,32.7,11.5
19.5,33.3,56.7
19.7,31.4,104.9
19,26.8,88.7
18.6,24.9,147.9
18.5,25.4,94.2
18.2,26.9,106.5
18.2,27.5,156.1
16.5,26.9,64.1
14.5,26.7,14.6
5.8,21.3,14.8
8.5,24.5,15.2
13.8,30.5,14
19.6,36.9,8.9
24.7,41,17.3
27.8,41.2,39.7
27.3,37.2,133.1
26.2,35.6,130.6
23.9,35.7,74.5
17.8,34.4,29.2
10.9,29.2,3.2
6.5,23.5,10.2
15.2,28.8,13.2
17.6,31.9,7.9
20.8,35.4,15.3
24.3,37.9,20.2
26.2,39,35.7
24,34.5,103.8
22.6,30.8,169.9
22.1,29.8,178.7
22,30.5,158.3
20.3,30.6,97.2
16.9,29,22.4
14.5,28,5.9
4,21.5,12.2
6.9,23.3,37.5
11.2,26.8,84.5
15.4,28.6,120.1
18.3,29,154.2
20.9,29.1,262.1
21.5,28.9,407.3
21.3,29,198.7
20.2,29,131.5
16.7,28.1,112.1
10.5,25.2,48.1
5.1,22.2,14
9.9,26.5,7.7
11.5,29.3,2.5
16.2,34.2,2.4
21,38.4,2.4
24.5,40.2,10.6
24.3,36.3,131.9
22.7,30.3,283.7
22,28.5,276.9
21,30.3,183.1
18,32.2,40.1
13.6,29.6,13.3
10.5,27.1,6.3
9.8,25.5,22.2
11.9,28.2,23.4
16.1,33.6,15.5
21.4,38.4,7.7
26,41.3,12.9
26.4,37.5,167.3
24.1,30.7,421.9
23.6,29.5,422.9
23.1,30.9,200.1
18.8,31.6,39.9
12.7,28.7,15
9.3,25.9,9.9
11.6,28.2,9.1
14.3,30.9,15.6
18.5,34.9,16
22.2,37.2,51.1
24.2,38.1,73.2
23.8,33.4,239.6
22.3,28.6,369.4
22.2,28.4,377.5
22,29.6,236.9
19.6,29.9,101.1
14.9,28.2,24.3
11.1,27.2,7.7
8.2,22.4,7.5
10.9,25.4,10.2
16,31.3,4.5
21.6,37,8.3
25.7,40.3,16.7
27.5,39.5,54.7
25.8,34.2,214
24.5,32.3,213.6
23.2,33.5,69.4
19,33.5,23.3
13.4,29.1,4.2
9.2,24.4,3
7.6,23.7,1.5
10.5,27.1,3
16.4,32.6,2.7
21.9,38.2,21
25.6,41.6,8.9
27,40.8,15.1
26.5,37.7,60.1
25.4,36,75.8
24.2,36.4,17.6
20.2,36.1,2.4
13.4,31,1.5
8.5,25.5,2.4
7.8,18.6,60.7
10.1,21.3,62.8
14.2,26.1,59.9
19.7,32.6,35.7
24.7,38.1,25.6
26.9,39.8,72.7
25.2,35.1,349.6
24.7,33.3,319.1
23.3,33.3,139.8
18.8,31.4,23.8
13.1,26.5,10.3
9,20.9,33
11.7,26.2,14
14.5,29.3,25.7
18.6,34.4,26.1
23.7,38.9,37.5
26.2,39.6,57.2
26.2,36.2,205.3
25.1,32.3,292.5
25.2,31.8,306.5
24.6,32.1,208.8
21.7,31.5,82.2
16.1,29,10.1
11.7,26.2,6.1
12.2,27.6,16.1
15,30.7,19.7
19.2,35.5,18
24.1,40,18
26.9,41.4,36.1
26.3,36.9,211.8
24.7,31.5,377.3
24.6,31.1,405.5
24.3,31.9,278.4
21.5,32,61.7
16.2,30,10.4
12.1,27.6,7.9
9.6,25,10.2
11.8,27.8,4.8
17.2,33.4,3.9
22.7,38.4,5.1
26.8,41.4,66.1
28.2,40.1,35.1
26.8,36,120.8
25.3,33.7,128.9
24.1,35,57.6
19.9,36,8.1
14.5,31.5,2.6
10.8,26.8,1.6
2.1,11.4,65.3
3.2,12.4,98
6.6,17.6,114.3
10.8,21.8,64
13.9,24.6,71.3
16.6,25.9,132.3
16.9,24.1,247.4
16.9,23.6,222.4
14.8,22.9,104.8
10.5,20.6,45.1
6.2,16.8,15.4
3.8,13.6,25
6.2,19.4,10.7
8.6,21.6,16.7
13.2,26,32.8
19,34.5,15.2
23.8,39.4,20.4
25.6,38.2,69.7
24.7,34.1,155.2
25.8,33.1,183.6
21.8,32.6,60
18.3,31.5,1.5
12.1,27.2,3.5
7.2,22.3,9.7
8.5,23,15.4
11,26,16.4
16.2,32.3,7.9
21.9,38.2,5.3
26.4,41.3,8.4
28.5,39.9,66.3
26.7,34.2,244.6
25.9,32.5,273.2
24.9,33.1,161.7
19.6,33,40
12.7,28.9,4.6
8.8,24.2,7.1
23.4,30.8,13.4
23.8,31.6,13.5
25,32.1,23.3
26.1,32.7,64.5
26.2,32.5,51.2
24.5,30.5,87.8
24,30.3,47
23.9,30.4,41.4
24.3,30.6,38.9
24.3,30.5,127.5
24,30.2,165.3
23.7,30.2,61.1
7.1,19.9,26.9
9.2,22.7,17.5
13.5,28.1,18.6
19.2,35.2,6.7
23.6,38.9,9.8
26,38.8,50.7
25.4,34.2,194.8
24.9,32.8,221.5
23.2,32.9,93.3
17.7,31.7,21.7
11.9,27.2,4.7
8,22.1,9.7
8.4,24.3,20.8
10.6,27.6,28.2
15.5,33.8,8.3
21.9,39.8,5.4
27,42.7,9.4
28.4,40.1,100
26.1,33.8,322.8
25.2,32.1,401.2
24,32.9,187.8
19.1,33.7,37.3
13.1,29.9,8.5
9,25.7,4.8
8.1,17.5,59.1
8.5,18.6,34.6
10.1,20.1,52.6
11.7,20.6,136
12.6,20.9,146.1
12,18.9,97.7
11.4,17.7,122.1
11.3,17.9,153.1
11.2,18.1,185.6
10.7,17.4,253.9
9.7,16.4,235
8.7,16.7,141.4
8.1,16.6,11.7
9.3,17.9,35.4
12.7,22.1,47.6
15.6,24.1,88.7
16.9,24.4,159.2
18.1,24.9,333.8
18.8,25,371.8
18.9,25.4,364
18.1,25,250.1
16.6,23.4,126
13.1,20.6,35.2
9.4,17.7,7.8
13.7,26,13.3
16.6,29,25.6
21.4,33.7,33.3
24.9,35.7,51.2
26.1,35.5,126.2
26.5,33.7,282.4
26.2,32,339.8
26.1,31.8,333.2
25.9,32,277.2
23.9,31.7,138.9
18.8,29.3,23.9
14.2,26.4,6.4
10.9,23.7,5.4
13.7,26.9,4.4
19.1,32.9,4
25,38.8,3.2
29.3,42.1,10.3
29.2,40,62.9
26.5,34.2,257
25.4,32,245.8
25,33.7,98.5
21.8,34.3,19.6
16.3,29.9,7.8
11.9,25.3,3.5
22.3,33,7.4
23.1,33.5,3.3
24.9,34.5,23.4
25.5,34.2,73.8
25.3,33.1,189.7
23.6,29.8,736.4
23.1,28.8,789.3
23.4,29.1,395.5
23.7,30.4,237.4
23.5,30.8,400.9
23.4,31.9,158.5
22.5,32.2,119.9
7.3,22.5,19.1
9.7,25.9,17.6
14.5,32.1,8.7
20.4,38,5.8
24.7,40.3,18.8
27,38.6,103.2
26.1,33.8,277.4
25.6,32.9,284
24.3,33,201.4
19,32.6,49
12.3,29,8
8,24.3,16.4
6.2,19.7,30.6
8.4,22.4,34.1
13.1,28.3,28.7
18.8,35.2,14.9
23.9,40.2,14.7
27.1,40.7,52
26.7,35.9,200.2
25.9,34.4,174.3
23.7,34.7,108.4
17.6,33.3,19.8
10.6,27.7,5.4
6.6,21.9,15.6
20.1,30.5,16.1
21,32.9,8.6
22.9,35.6,12.3
25.2,37,47.8
26,37.6,68.8
25.9,36.7,42.9
25.6,35.8,59.1
25.2,35.6,84.9
24.4,34.8,124.5
23.5,32.6,172.5
22.5,30.4,146.6
21.1,29.6,58.5
13.5,25.1,1.7
14.5,27,1
17.2,29.7,6.1
18.7,30.9,24.6
18.1,29.4,58.4
17,22.4,874.4
16.6,19.4,2344.7
16.4,19.2,1711.4
15.9,21,601.9
16.1,24.8,150.8
14.8,24.7,41
13.7,24.3,11.2
11.3,24.3,11.9
13.4,27.3,16.1
17.7,32.8,15.1
22.2,36.3,29.6
24.4,35.7,109.6
25.8,33.8,218.9
26,32.2,307.5
26.1,32,289.4
25.8,32.1,275.9
22.9,31.3,105.6
17.3,28.7,12.1
12.6,25.4,4.4
-1.7,10.6,128.9
-0.7,11.7,124.3
2.4,16.1,189.6
5.9,21.9,103.7
8.6,24.9,82.5
12.4,27.2,74.3
15.3,25.9,217.5
14.9,25.4,205.4
11.2,25,111.9
5.4,22.4,37.9
1.5,18.4,31.7
-0.4,13.8,56.1
20.8,32.8,1.1
21.8,33,0.2
23.6,33.5,2.9
25,34,24.4
25.1,33.3,183.2
23.4,29.7,1027.2
22.9,28.2,1200.4
23,28.4,787.3
23.1,29.5,292.1
23.1,30.9,190.8
22.4,32.3,70.9
21.2,32.8,16.4
19.3,28.2,5.3
20.7,30,12.3
22.6,32.3,10.2
25.6,34.3,14.4
27.6,37,36.8
27.2,36.6,103.4
25.6,33.2,186.1
25.6,32.6,164.1
25.5,32.3,168.1
24.4,31.2,223.4
21.9,29.5,126.8
19.5,28.2,19.9
23.3,30.2,37.2
23.8,30.5,23.9
24.8,31.4,20.9
26.1,32.1,57.2
26.2,31.8,184.3
25.3,30.5,298.6
25,30.1,245.2
24.9,30,212
24.9,30,162.4
24.6,30.2,176.7
24.1,30.3,143.4
23.7,30.3,83.4
1.6,10.5,54.5
2.3,11.5,56.5
5.8,15.9,49.7
10.1,20.7,35.3
12.9,23.4,58.3
14.2,23.3,157.2
14.2,20.9,307.4
13.9,20.2,299.4
12.5,20.1,202.3
9.5,18.9,60.9
5.9,15.8,8.8
3.4,12.8,23.1
16.7,30.7,15.1
17.7,31.2,1
20.8,32.7,0.1
23.8,33,0.5
26.4,33.3,20.6
26.2,32.1,504.2
25.1,30,819.4
24.8,29.6,546.8
24.3,30.3,325.2
23.4,33.1,81.1
20.8,33.5,113.2
18.3,32.1,4.1
16.2,28.6,4.8
17.9,31.1,5.1
19.9,33.6,11.6
21.2,34.3,62.4
21,32.9,145.7
20.1,29.2,67.3
19.6,27.7,74.3
19.5,28,78.6
19.3,28.9,117.6
19.5,28.8,158.7
18.2,27.9,63.8
16.5,27.5,14.3
13.1,28.7,12.5
15.1,31.4,20.7
19.2,36.1,17.6
24,40.1,14.3
28,42.5,19.2
26.4,37.7,190.1
24,31.2,341.7
23.6,30.5,280.5
23.1,31.7,183.1
20,32.6,56.8
15.3,30.2,16.6
12.1,28.1,13.2
1.7,10.7,80.3
3.5,12.3,60.4
7.5,16.3,55.7
11.9,20.8,33.7
14.6,23.5,73.8
16.4,23.5,327.5
16.5,21.6,725
16,21,553.4
14.1,20.7,385
9.7,18.7,135.4
5.7,15.4,7.9
3.1,12.9,27.6
10.8,29.9,1.3
12,31.8,0.6
15.1,35.2,5.1
19.4,37.2,8
21.4,37.2,18.5
22.4,32.5,100.8
22.2,28,201.7
21.3,27.3,136.7
20.9,28.8,145
18.5,31.7,56.9
13.6,31,24.1
11.6,30.1,6.6
6.7,20.8,18.9
9.1,23.9,16.6
14.1,30,10.8
20.5,36.9,30.4
25.1,40.5,29
27.6,40.3,54.3
26.4,35.4,216.8
25.6,33.7,247.6
23.8,34.2,133.8
18.8,33.3,15.4
12.7,28.3,6.6
7.8,22.7,15.2
7.8,20.8,20.9
10.3,23.7,21
15.4,29.6,14.5
21.5,36,10.7
26.2,39.8,14.1
28.3,39.4,66.3
27,35.2,198.4
26.2,33.6,206.5
24.7,34,130.3
19.4,32.9,20.8
12.8,28,3.9
8.4,22.7,8.8
21.8,33,3.5
22.6,35.4,6.7
24.2,37.3,20.4
25.1,36.5,72.9
24.8,34,151.7
23.2,29.7,408.2
22.5,28.3,522.6
22.9,28.8,317.6
23,30.3,253.9
23.2,31.2,215.2
22.9,31.8,111.1
22.2,31.9,27.6
20.2,31.1,0.9
20.8,31,0.1
23.3,31.4,0.4
25.5,32.3,10.2
26.6,32.7,66.7
25,30.1,874
24.3,28.6,949.5
24.2,28.6,515.9
24.1,29.3,231
24.1,31.1,102.6
22.6,32.2,30.2
21,31.8,8.8
14,30,6.1
16.2,33.1,4.2
20.3,37.1,11.2
24,40.2,7.9
26.4,41.7,19.1
24.6,36.6,148.4
23,31.8,237.6
22.5,30.7,214.7
22.2,31.5,183.2
20,32.4,72.2
15.9,30.5,20.5
13.4,29.1,8.6
12.3,22.8,50.9
13.9,23,99
16.7,26,131.2
18.9,27.8,258.9
21.2,29.3,385.4
23.2,30.7,804.5
23.5,30.4,1053.9
23.8,31.5,755
23,30.5,587.1
20.6,29.4,244.2
16.6,27.2,33.2
13.3,24.1,28
9.3,23,20.4
11.6,26.1,11.1
16.4,32.4,11.4
22.1,37.4,9
25.1,38.4,35.6
26.7,36.7,141
26.1,32.9,319.2
26.1,32.5,279.3
25.3,32.2,212.6
21.6,31.7,72.3
14.8,28.9,8.2
10.1,24.6,7.4
20.3,29.6,14.8
21.5,30.7,47.7
23,32.2,0
25.8,34,37.3
26.9,36.8,29.7
26.4,36.6,79.6
26,35.6,61
25.1,34.5,148.2
24.8,34,149.6
24,32,278.3
22.9,30.4,379.5
21.4,29.1,502.3
23.1,29.4,46.4
22.5,30.2,26.5
23.2,31.5,29.3
24.7,32.5,69
24.7,31.1,360.4
24.4,29.6,501.1
24.3,29.2,423.7
24.2,29.1,425.1
23.7,29.1,463
23.7,29.6,300.7
23.9,29.7,235
23.6,29.4,154.6
11.6,30.2,1.6
12.7,32.3,1.1
16.3,35.8,2.7
20.1,37.9,13.6
22.3,37.2,33.3
22.8,32,120.4
22,28.1,179
21.3,27.6,106.4
20.6,29.2,129.1
18.9,31.7,78.8
14.8,30.5,28.6
11.8,29.3,5.3
13.3,27.6,11.7
15.9,30.3,21
20.2,35.1,19.6
24.8,39.4,15.5
28,41.9,22.9
26.4,37.2,209.4
23.9,30.6,369.1
23.8,30.1,365.4
23.8,31.3,216.6
21.2,31.6,52.1
16.1,29.3,11.4
12.7,27.1,4.2
11.8,28.2,1
13.8,30.8,1
18,35.2,1
21.7,38.6,1.6
24.8,40.3,3.9
26.1,37.6,98.9
25.1,32.9,242.5
24.1,31.5,174.3
23.1,33.2,101
21.5,35.5,53.2
17.6,32.9,10
13.6,29.6,0.8
10,23,20.5
12.6,25.8,25.7
17,31.2,18.9
21.4,35.5,41.2
23.6,37.2,58.5
23.7,33.5,216.3
22.7,29.3,337.9
22.5,28.8,326.8
21.8,29.1,273.2
19,28.5,99.7
14,25.9,16
10.2,23.2,6.1
12.6,27.6,14.2
15.1,30.1,28
19,35,20.9
23.5,39.3,14.2
27,41.4,22.7
26.7,36.9,218.9
24.9,31.1,459
24.8,30.7,487.5
24.6,31.7,243.5
21.8,31.7,56.6
16.2,29.4,17.6
12.1,27.2,4.8
4.4,15.3,13.7
6.4,17,22.7
10.6,21.3,53.7
13.8,23.4,130.1
15.3,23.5,273.7
17.3,23.7,468.8
18,24,394.5
17.7,24,317.5
16.5,23.4,293.8
13.2,21.7,192.4
8.7,19,37.3
5.3,16.3,9.3
1.9,8.6,57.9
2.7,9.7,64.2
6.5,13.9,62.1
10.9,18.9,46.1
14.4,22.7,62.8
15.8,23.7,161.1
15.3,20.9,419
14.9,19.8,385.9
13.5,19.6,206.5
10.7,17.9,38.5
7,14.1,12
4.1,11.1,23.2
11.7,24.9,18
13.5,26.7,47.6
17.4,30,152.6
20.7,30.8,328.8
22.8,31.1,430.5
24.5,31.3,588.3
25,31.7,531.3
24.9,31.7,480.7
24.6,31.6,383.8
22.5,30.9,204.4
17.7,28.9,42
13,26.1,10
15.8,30.8,4.7
17.6,33.6,4.4
21.2,37.3,5
24.3,39.6,12.4
25.1,40.2,27.6
23.3,35,116.9
22.3,31.7,129.9
21.8,31.3,119.8
21.6,31.7,182.4
20.7,32.6,85.4
17.6,31,26.4
15.2,29.9,7.8
11.8,25,11.6
14.5,28.3,23.5
19.2,33.8,28.4
23.4,37.4,44.9
25,37.3,98.4
26,35.1,242.8
25.8,32.6,317.2
25.8,32.2,276.5
25.3,32.2,253.3
22.6,31.5,97.2
17.2,29.3,17.2
12.6,26,8.6
-2.3,5,62.2
-0.8,7.6,71.4
3.4,13.5,101.1
7.4,19.3,90.7
10.9,24.2,68.2
14.5,28.9,36.3
18.2,30.3,54.3
17.7,29.7,64.6
12.5,27.6,35.4
5.6,22.1,30.9
0.3,15.4,19.7
-2,8.5,41.4
14.7,30.9,2.1
16.2,32.4,1
20.1,35.8,0.8
23.6,37.2,2.2
26.3,36.2,6.4
26.7,33.8,212.8
25.5,30.8,440.8
25.1,30.4,233.4
24.6,31.8,169.7
23,35.3,33.5
19.2,34.3,12.4
15.9,32,2.1
22.4,30.7,22.9
23,31.2,21.9
24.4,32.1,36.4
25.3,32.1,110.5
25.2,31.3,210
23.9,29.3,343.5
23.4,28.8,218.6
23.5,29,143.2
23.6,29.6,152.5
23.6,29.5,267.9
23.3,29.6,199
22.8,30.3,70.2
18.7,29.9,22
20.1,32.8,19.7
22.6,36.7,2.9
26.2,39.3,13.9
27.9,40.3,45.7
27.2,37.8,69.7
25.9,35.7,113
25.5,34.8,118.6
25.1,34.8,119.1
23.5,32.7,157.5
21.7,30.1,218.7
19.9,28.9,130.5
11.5,23,8.7
13.4,25.2,11
17.4,29.3,53.4
20.4,31.2,147.8
20.7,30.1,402.8
21.3,29.1,611.5
22.2,28.8,628.3
22.1,28.8,458.8
21.6,29.1,377.4
19.6,28.8,210.7
15.9,26.6,28.5
12.9,23.8,2.4
7,24.3,2.4
9.3,27,13.8
14.6,32.6,6.2
20.2,37.3,5.2
25,39.7,16.9
26.1,37.3,75.2
24.5,32,175.1
23.2,30.2,195.3
21.4,32.3,89.4
16.9,33.4,16.3
11.8,29.4,12.8
7.8,25.5,2.9
5.6,20.3,20.5
6.5,20.9,10.2
8.8,22.2,25.8
10.7,22.6,75.4
11.4,22,147.5
11.2,18.3,136.7
11,16.9,181.1
10.9,17.4,123.7
10.4,18.5,134.9
10.1,18.8,189.2
8.6,18.7,139.9
6.7,19.7,52.8
8.8,23.2,17.6
11.3,26.7,15
16.3,33,7.9
22,38.8,4.4
26.2,40.9,10.5
27.9,38.8,96.6
26.4,33.8,309.9
26,32.8,273.2
25,32.7,246.4
20.7,32.7,35.1
14.1,29.3,10.7
9.6,24.6,6.5
18.6,30.2,6.2
20.6,32.7,4.6
23.3,35.6,4.6
26.2,38.2,4.8
27.8,39.9,20.8
26.9,37.2,80.8
25,33.7,173
25,33.1,146.2
24.5,32.4,179.9
23.2,32.4,57.2
20.9,31,52.3
19.7,30.3,5.8
20.6,27.7,14.2
22.2,29.2,21.1
24.4,30.8,8.3
26.3,31.8,25.6
27.5,33.1,68.7
27.4,32.8,124.6
26.2,31.2,142.1
26,31.3,165.2
25.8,31.3,164
24.9,31.1,238.2
23.1,29.6,124
20.9,27.9,6.7
